{
	"class_name" : "PinholeCameraParameters",
	"extrinsic" : 
	[
		-0.14973072475400942,
		-0.28618453024690005,
		0.94640325692169958,
		0.0,
		0.70934094235036538,
		-0.6979046564295438,
		-0.0988155758949784,
		0.0,
		0.68877872903432114,
		0.65652685031255331,
		0.30750017438782623,
		0.0,
		-0.0,
		0.0,
		2.4248711305964283,
		1.0
	],
	"intrinsic" : 
	{
		"height" : 584,
		"intrinsic_matrix" : 
		[
			505.7588358101122,
			0.0,
			0.0,
			0.0,
			505.7588358101122,
			0.0,
			467.5,
			291.5,
			1.0
		],
		"width" : 936
	},
	"version_major" : 1,
	"version_minor" : 0
}