{
	"class_name" : "PinholeCameraParameters",
	"extrinsic" : 
	[
		0.88800883570564304,
		0.083234499527202577,
		0.45223039017426125,
		0.0,
		-0.45977742111302544,
		0.14637145469698098,
		0.87588818937381807,
		0.0,
		0.006710495016327464,
		-0.98572177379742709,
		0.16824848860625785,
		0.0,
		-1.2701414184234148,
		1.1134497738127553,
		1.4178799089289589,
		1.0
	],
	"intrinsic" : 
	{
		"height" : 617,
		"intrinsic_matrix" : 
		[
			534.33767413499868,
			0.0,
			0.0,
			0.0,
			534.33767413499868,
			0.0,
			502.5,
			308.0,
			1.0
		],
		"width" : 1006
	},
	"version_major" : 1,
	"version_minor" : 0
}